Sample_ID	NPID	TGen_Sample_ID	Patient_ID	Lane	Sequencing_Mean_PF_Quality_Score	Sequencing_Percent_Q30plus	Sequencing_PercentOneMismatchIndexReads	Sequencing_PercentPerfectIndexReads	Sequencing_Raw_Reads	Lane.Name	Read1_Cycles	Index1_Cycles	Index2_Cycles	Read2_Cycles	Sequencing_Method_Summary	Sort	TYPE	PathDx	AD.subtype	LBD.type	Braak.NFT	Thal.amyloid	MF.SP	MF.NFT	MF.LB	Cing.LB	MF.Amyloid	MF.Tau	Cing.Synuclein	CWOW.Category	VaD	TDP.43	ClinicalDx	FHx	Sex	sex_inferred	Age	PMI	APOE	MAPT	GRN	TMEM106b	RIN	ATS_names	prep.batch	cdna.avg.size..bp.	library.pcr.cycles	library.pcr.batch	insert.size..bp.	sampleID	order_disease
Ctr_F2	NA04-324	A16811	Ctr-F2	7	33.29	70	8.39	91.61	221059706	MAYO_0373_1_BR_Nuclei_C1_X3SC3_A16811_22KJLTLT4_TCGGCTCTAC_L007	151	11	11	151	Sequencing run was performed on the NovaSeq X Series platform with 25B reagent kit (300 Cycle). NovaSeq Control Software 1.2.2.48004 was used for sequencing and Illumina BCL Convert v4.2.7 to convert base call (BCL) files into FASTQ files.	507	CONTROL	PART		no LBs	3	0	0	0	0	0	0	0	0	A0, T0, S0	0	0	NCI	No	F	female	74	27	E2E3				6.4	no pathology	Prep Batch 2	764	14	Library Batch 3	522	MAYO_0373_1_BR_Nuclei_C1_X3SC3_A16811_22KJLTLT4_TCGGCTCTAC_L007	CONTROL
Ctr_F3	NA12-134	A16827	Ctr-F3	7	32.89	68	9.6	90.4	182410374	MAYO_0389_1_BR_Nuclei_C1_X3SC3_A16827_22KJLTLT4_CCCGTTCTCG_L007	151	11	11	151	Sequencing run was performed on the NovaSeq X Series platform with 25B reagent kit (300 Cycle). NovaSeq Control Software 1.2.2.48004 was used for sequencing and Illumina BCL Convert v4.2.7 to convert base call (BCL) files into FASTQ files.	510	CONTROL	PART		no LBs	3	0	0	0	0	0	0	0	0	A0, T0, S0	0	0	NCI	No	F	female	91	14	E3E3				4.6	no pathology	Prep Batch 3	1104	12	Library Batch 2	540	MAYO_0389_1_BR_Nuclei_C1_X3SC3_A16827_22KJLTLT4_CCCGTTCTCG_L007	CONTROL
Ctr_F4	NA13-252	A16830	Ctr-F4	4	32.36	65.5	4.57	95.43	162418508	MAYO_0392_1_BR_Nuclei_C1_X3SC3_A16830_22KJLTLT4_TGCAATGTTC_L004	151	11	11	151	Sequencing run was performed on the NovaSeq X Series platform with 25B reagent kit (300 Cycle). NovaSeq Control Software 1.2.2.48004 was used for sequencing and Illumina BCL Convert v4.2.7 to convert base call (BCL) files into FASTQ files.	459	CONTROL	Normal/Fahr		no LBs	0	0	0	0	0	0	0	0	0	A0, T0, S0	0	0	NCI	No	F	female	85	NA	E2E3				7.7	no pathology	Prep Batch 4	1490	10	Library Batch 1	601	MAYO_0392_1_BR_Nuclei_C1_X3SC3_A16830_22KJLTLT4_TGCAATGTTC_L004	CONTROL
Ctr_M1	5282	A16806	Ctr-M1	2	33.24	69.5	2.58	97.42	151057040	MAYO_0368_1_BR_Nuclei_C1_X3SC3_A16806_22KJLTLT4_GTGGATCAAA_L002	151	11	11	151	Sequencing run was performed on the NovaSeq X Series platform with 25B reagent kit (300 Cycle). NovaSeq Control Software 1.2.2.48004 was used for sequencing and Illumina BCL Convert v4.2.7 to convert base call (BCL) files into FASTQ files.	455	CONTROL	Normal		no LBs	0	0	0	0	0	0	0	0	0	A0, T0, S0	0	NA	NCI	No	M	male	69	16	E3E3	H1H2	CC		5.2	no pathology	Prep Batch 2	812	12	Library Batch 2	513	MAYO_0368_1_BR_Nuclei_C1_X3SC3_A16806_22KJLTLT4_GTGGATCAAA_L002	CONTROL
Ctr_M2	5421	A16819	Ctr-M2	2	33.09	68.5	4.72	95.28	268112444	MAYO_0381_1_BR_Nuclei_C1_X3SC3_A16819_22KJLTLT4_TGGTTCGGGT_L002	151	11	11	151	Sequencing run was performed on the NovaSeq X Series platform with 25B reagent kit (300 Cycle). NovaSeq Control Software 1.2.2.48004 was used for sequencing and Illumina BCL Convert v4.2.7 to convert base call (BCL) files into FASTQ files.	533	CONTROL	SC/CVAs		no LBs	3	1	0	0	0	0	0	0	0	A0, T0, S0	0	NA	NCI	No	M	male	84	24	E3E3	H1H1	TT		3.3	no pathology	Prep Batch 1	1064	14	Library Batch 3	536	MAYO_0381_1_BR_Nuclei_C1_X3SC3_A16819_22KJLTLT4_TGGTTCGGGT_L002	CONTROL
Ctr_M3	NA08-052	A16822	Ctr-M3	7	32.97	68	10.8	89.2	173355054	MAYO_0384_1_BR_Nuclei_C1_X3SC3_A16822_22KJLTLT4_CCTTCTAGAG_L007	151	11	11	151	Sequencing run was performed on the NovaSeq X Series platform with 25B reagent kit (300 Cycle). NovaSeq Control Software 1.2.2.48004 was used for sequencing and Illumina BCL Convert v4.2.7 to convert base call (BCL) files into FASTQ files.	508	CONTROL	PART		no LBs	3	0	0	0	0	0	0	0	0	A0, T0, S0	0	0	NCI	No	M	male	75	NA	E3E3				5.4	no pathology	Prep Batch 3	1243	12	Library Batch 2	526	MAYO_0384_1_BR_Nuclei_C1_X3SC3_A16822_22KJLTLT4_CCTTCTAGAG_L007	CONTROL
Ctr_M4	NA12-465	A16838	Ctr-M4	7	33.07	68.5	8.68	91.32	183206416	MAYO_0400_1_BR_Nuclei_C1_X3SC3_A16838_22KJLTLT4_AACCACGCAT_L007	151	11	11	151	Sequencing run was performed on the NovaSeq X Series platform with 25B reagent kit (300 Cycle). NovaSeq Control Software 1.2.2.48004 was used for sequencing and Illumina BCL Convert v4.2.7 to convert base call (BCL) files into FASTQ files.	478	CONTROL	PART		no LBs	2	0	0	0	0	0	0	0	0	A0, T0, S0	0	0	NCI	No	M	male	81	29	E2E3				6.7	no pathology	Prep Batch 5	1407	12	Library Batch 2	527	MAYO_0400_1_BR_Nuclei_C1_X3SC3_A16838_22KJLTLT4_AACCACGCAT_L007	CONTROL
AD_AT_F1	NA05-057	A16815	AD-AT-F1	6	33.08	69	5.44	94.56	141186978	MAYO_0377_1_BR_Nuclei_C1_X3SC3_A16815_22KJLTLT4_AAGGGCCGCA_L006	151	11	11	151	Sequencing run was performed on the NovaSeq X Series platform with 25B reagent kit (300 Cycle). NovaSeq Control Software 1.2.2.48004 was used for sequencing and Illumina BCL Convert v4.2.7 to convert base call (BCL) files into FASTQ files.	589	AD_AT	AD	Typical	no LBs	6	5	50	3	0	0	3	1	0	A3, T1, S0	0	0	AD	No	F	female	78	NA	E3E4	H2H2	CC	TC	7.2	amyloid + tau	Prep Batch 1	1363	12	Library Batch 2	524	MAYO_0377_1_BR_Nuclei_C1_X3SC3_A16815_22KJLTLT4_AAGGGCCGCA_L006	AD_AT
AD_AT_F2	NA05-394	A16828	AD-AT-F2	6	33.1	68.5	14.31	85.69	171591780	MAYO_0390_1_BR_Nuclei_C1_X3SC3_A16828_22KJLTLT4_CTCTAGCGAG_L006	151	11	11	151	Sequencing run was performed on the NovaSeq X Series platform with 25B reagent kit (300 Cycle). NovaSeq Control Software 1.2.2.48004 was used for sequencing and Illumina BCL Convert v4.2.7 to convert base call (BCL) files into FASTQ files.	603	AD_AT	AD	Typical	no LBs	5	3	50	5	0	0	3	1	0	A3, T1, S0	0	0	AD	No	F	female	93	NA	E3E3	H1H1	CT	CC	5.8	amyloid + tau	Prep Batch 3	1373	12	Library Batch 2	535	MAYO_0390_1_BR_Nuclei_C1_X3SC3_A16828_22KJLTLT4_CTCTAGCGAG_L006	AD_AT
AD_AT_F3	NA15-058	A16812	AD-AT-F3	7	32.64	67	10.25	89.75	178573092	MAYO_0374_1_BR_Nuclei_C1_X3SC3_A16812_22KJLTLT4_TTAATACGCG_L007	151	11	11	151	Sequencing run was performed on the NovaSeq X Series platform with 25B reagent kit (300 Cycle). NovaSeq Control Software 1.2.2.48004 was used for sequencing and Illumina BCL Convert v4.2.7 to convert base call (BCL) files into FASTQ files.	587	AD_AT	AD	Typical	no LBs	5	5	50	2	0	0	3	1	0	A3, T1, S0	0	0	AD	No	F	female	83	NA	E3E4				3.1	amyloid + tau	Prep Batch 2	1018	12	Library Batch 2	554	MAYO_0374_1_BR_Nuclei_C1_X3SC3_A16812_22KJLTLT4_TTAATACGCG_L007	AD_AT
AD_AT_F4	NA17-179	A16831	AD-AT-F4	3	32.94	68	3.99	96.01	184555702	MAYO_0393_1_BR_Nuclei_C1_X3SC3_A16831_22KJLTLT4_GTAGACGAAA_L003	151	11	11	151	Sequencing run was performed on the NovaSeq X Series platform with 25B reagent kit (300 Cycle). NovaSeq Control Software 1.2.2.48004 was used for sequencing and Illumina BCL Convert v4.2.7 to convert base call (BCL) files into FASTQ files.	608	AD_AT	AD	Typical	no LBs	5	5	50	5	0	0	3	1	0	A3, T1, S0	0	0	AD	Yes	F	female	78	3	E3E3				5.7	amyloid + tau	Prep Batch 4	1281	12	Library Batch 2	536	MAYO_0393_1_BR_Nuclei_C1_X3SC3_A16831_22KJLTLT4_GTAGACGAAA_L003	AD_AT
AD_AT_M1	NA05-203	A16820	AD-AT-M1	7	32.95	68	7.83	92.17	210122292	MAYO_0382_1_BR_Nuclei_C1_X3SC3_A16820_22KJLTLT4_CACGGTGAAT_L007	151	11	11	151	Sequencing run was performed on the NovaSeq X Series platform with 25B reagent kit (300 Cycle). NovaSeq Control Software 1.2.2.48004 was used for sequencing and Illumina BCL Convert v4.2.7 to convert base call (BCL) files into FASTQ files.	600	AD_AT	AD	Typical	no LBs	6	5	50	4	0	0	3	1	0	A3, T1, S0	0	0	AD	No	M	male	71	NA	E3E4	H1H1	CC	CC	5.2	amyloid + tau	Prep Batch 1	1039	12	Library Batch 2	536	MAYO_0382_1_BR_Nuclei_C1_X3SC3_A16820_22KJLTLT4_CACGGTGAAT_L007	AD_AT
AD_AT_M2	NA05-275	A16807	AD-AT-M2	7	33.28	69.5	8.07	91.93	210271698	MAYO_0369_1_BR_Nuclei_C1_X3SC3_A16807_22KJLTLT4_GTAGCCCTGT_L007	151	11	11	151	Sequencing run was performed on the NovaSeq X Series platform with 25B reagent kit (300 Cycle). NovaSeq Control Software 1.2.2.48004 was used for sequencing and Illumina BCL Convert v4.2.7 to convert base call (BCL) files into FASTQ files.	601	AD_AT	AD	Typical	no LBs	5	5	50	4	0	0	3	1	0	A3, T1, S0	0	0	AD	No	M	male	85	8	E3E3				5.6	amyloid + tau	Prep Batch 2	875	14	Library Batch 3	524	MAYO_0369_1_BR_Nuclei_C1_X3SC3_A16807_22KJLTLT4_GTAGCCCTGT_L007	AD_AT
AD_AT_M3	NA08-335	A16823	AD-AT-M3	7	33.03	68.5	10.65	89.35	166994152	MAYO_0385_1_BR_Nuclei_C1_X3SC3_A16823_22KJLTLT4_ACCAGACAAC_L007	151	11	11	151	Sequencing run was performed on the NovaSeq X Series platform with 25B reagent kit (300 Cycle). NovaSeq Control Software 1.2.2.48004 was used for sequencing and Illumina BCL Convert v4.2.7 to convert base call (BCL) files into FASTQ files.	596	AD_AT	AD	Typical	no LBs	6	5	50	3	0	0	3	1	0	A3, T1, S0	0	0	AD	No	M	male	84	2	E3E3	H1H2	TT	TC	8.9	amyloid + tau	Prep Batch 3	1356	12	Library Batch 2	522	MAYO_0385_1_BR_Nuclei_C1_X3SC3_A16823_22KJLTLT4_ACCAGACAAC_L007	AD_AT
AD_AT_M4	NA15-068	A16839	AD-AT-M4	7	32.98	68	7.58	92.42	169391824	MAYO_0401_1_BR_Nuclei_C1_X3SC3_A16839_22KJLTLT4_TGTAGTCATT_L007	151	11	11	151	Sequencing run was performed on the NovaSeq X Series platform with 25B reagent kit (300 Cycle). NovaSeq Control Software 1.2.2.48004 was used for sequencing and Illumina BCL Convert v4.2.7 to convert base call (BCL) files into FASTQ files.	606	AD_AT	AD	Typical	no LBs	6	5	50	5	0	0	3	1	0	A3, T1, S0	0	0	AD	No	M	male	68	7	E3E4		CT		7.9	amyloid + tau	Prep Batch 5	1544	10	Library Batch 1	532	MAYO_0401_1_BR_Nuclei_C1_X3SC3_A16839_22KJLTLT4_TGTAGTCATT_L007	AD_AT
LBD_S_F1	NA04-053	A16818	LBD-S-F1	3	33.03	68.5	3.46	96.54	156767688	MAYO_0380_1_BR_Nuclei_C1_X3SC3_A16818_22KJLTLT4_CACTACGAAA_L003	151	11	11	151	Sequencing run was performed on the NovaSeq X Series platform with 25B reagent kit (300 Cycle). NovaSeq Control Software 1.2.2.48004 was used for sequencing and Illumina BCL Convert v4.2.7 to convert base call (BCL) files into FASTQ files.	292	LBD_S	TLBD		TLBD	2	1	1	0	2	9	1	0	2	A1, T0, S2	0	0	PD	No	M	female	85	NA	E3E3	H1H1	TT	TC	7.6	low amyloid + synuclein	Prep Batch 1	1201	12	Library Batch 2	536	MAYO_0380_1_BR_Nuclei_C1_X3SC3_A16818_22KJLTLT4_CACTACGAAA_L003	LBD_S
LBD_S_F2	NA06-092	A16829	LBD-S-F2	5	33.02	68.5	5.35	94.65	182432672	MAYO_0391_1_BR_Nuclei_C1_X3SC3_A16829_22KJLTLT4_TGCGCGGTTT_L005	151	11	11	151	Sequencing run was performed on the NovaSeq X Series platform with 25B reagent kit (300 Cycle). NovaSeq Control Software 1.2.2.48004 was used for sequencing and Illumina BCL Convert v4.2.7 to convert base call (BCL) files into FASTQ files.	335	LBD_S	TLBD		TLBD	2	0	0	0	1	7	0	0	2	A0, T0, S2	0	0	PD	No	F	female	77	4	E3E3	H1H1	CT	TC	7.4	pure synuclein	Prep Batch 3	1386	10	Library Batch 1	542	MAYO_0391_1_BR_Nuclei_C1_X3SC3_A16829_22KJLTLT4_TGCGCGGTTT_L005	LBD_S
LBD_S_F3	NA11-143	A16834	LBD-S-F3	7	32.89	68	9.12	90.88	227195040	MAYO_0396_1_BR_Nuclei_C1_X3SC3_A16834_22KJLTLT4_CGGCTGGATG_L007	151	11	11	151	Sequencing run was performed on the NovaSeq X Series platform with 25B reagent kit (300 Cycle). NovaSeq Control Software 1.2.2.48004 was used for sequencing and Illumina BCL Convert v4.2.7 to convert base call (BCL) files into FASTQ files.	208	LBD_S	DLBD		DLBD	0	0	0	0	6	12	0	0	3	A0, T0, S3	0	0	PDD	Yes	F	female	68	3	E3E4	H1H2	CT	CC	3.3	pure synuclein	Prep Batch 4	1052	14	Library Batch 3	518	MAYO_0396_1_BR_Nuclei_C1_X3SC3_A16834_22KJLTLT4_CGGCTGGATG_L007	LBD_S
LBD_S_M1	NA04-082	A16810	LBD-S-M1	7	33.02	68.5	9.28	90.72	138588146	MAYO_0372_1_BR_Nuclei_C1_X3SC3_A16810_22KJLTLT4_GTAACATGCG_L007	151	11	11	151	Sequencing run was performed on the NovaSeq X Series platform with 25B reagent kit (300 Cycle). NovaSeq Control Software 1.2.2.48004 was used for sequencing and Illumina BCL Convert v4.2.7 to convert base call (BCL) files into FASTQ files.	290	LBD_S	TLBD		TLBD	0	0	0	0	2	9	0	0	2	A0, T0, S2	0	0	PDD	No	M	male	72	8	E3E4	H1H1	CT	TC	8.4	pure synuclein	Prep Batch 2	1115	10	Library Batch 1	530	MAYO_0372_1_BR_Nuclei_C1_X3SC3_A16810_22KJLTLT4_GTAACATGCG_L007	LBD_S
LBD_S_M2	NA10-006	A16826	LBD-S-M2	7	32.94	68	8.7	91.3	176049910	MAYO_0388_1_BR_Nuclei_C1_X3SC3_A16826_22KJLTLT4_ACAGTAACTA_L007	151	11	11	151	Sequencing run was performed on the NovaSeq X Series platform with 25B reagent kit (300 Cycle). NovaSeq Control Software 1.2.2.48004 was used for sequencing and Illumina BCL Convert v4.2.7 to convert base call (BCL) files into FASTQ files.	207	LBD_S	TLBD		TLBD	2	0	0	0	3	12	0	0	3	A0, T0, S3	0	0	DLB/CVA	No	M	male	83	5	E3E3	H2H2	CT	TC	8.6	pure synuclein	Prep Batch 3	1480	10	Library Batch 1	560	MAYO_0388_1_BR_Nuclei_C1_X3SC3_A16826_22KJLTLT4_ACAGTAACTA_L007	LBD_S
LBD_S_M3	NA16-075	A16835	LBD-S-M3	7	32.87	68	9.12	90.88	156509714	MAYO_0397_1_BR_Nuclei_C1_X3SC3_A16835_22KJLTLT4_AAGATTGGAT_L007	151	11	11	151	Sequencing run was performed on the NovaSeq X Series platform with 25B reagent kit (300 Cycle). NovaSeq Control Software 1.2.2.48004 was used for sequencing and Illumina BCL Convert v4.2.7 to convert base call (BCL) files into FASTQ files.	152	LBD_S	DLBD		DLBD	2	0	0	0	10	15	0	0	3	A0, T0, S3	0	0	PD-MCI	Yes	M	male	66	NA	E2E3				4.7	pure synuclein	Prep Batch 4	1206	10	Library Batch 1	543	MAYO_0397_1_BR_Nuclei_C1_X3SC3_A16835_22KJLTLT4_AAGATTGGAT_L007	LBD_S
LBD_S_M4	NA19-272	A16844	LBD-S-M4	3	33.14	69	3.06	96.94	133795772	MAYO_0406_1_BR_Nuclei_C1_X3SC3_A16844_22KJLTLT4_ACAATGTGAA_L003	151	11	11	151	Sequencing run was performed on the NovaSeq X Series platform with 25B reagent kit (300 Cycle). NovaSeq Control Software 1.2.2.48004 was used for sequencing and Illumina BCL Convert v4.2.7 to convert base call (BCL) files into FASTQ files.	310	LBD_S	TLBD/PART		TLBD	1	0	0	0	3	8	0	0	2	A0, T0, S2	0	0	PDD	Yes	M	male	67	NA	E2E4				NA	pure synuclein	Prep Batch 5	1329	10	Library Batch 1	541	MAYO_0406_1_BR_Nuclei_C1_X3SC3_A16844_22KJLTLT4_ACAATGTGAA_L003	LBD_S
LBD_AS_F1	NA03-235	A16817	LBD-AS-F1	4	33.06	68.5	4.52	95.48	163065578	MAYO_0379_1_BR_Nuclei_C1_X3SC3_A16817_22KJLTLT4_TAGCATAGTG_L004	151	11	11	151	Sequencing run was performed on the NovaSeq X Series platform with 25B reagent kit (300 Cycle). NovaSeq Control Software 1.2.2.48004 was used for sequencing and Illumina BCL Convert v4.2.7 to convert base call (BCL) files into FASTQ files.	261	LBD_AS	DLBD/PA		DLBD	2	4	50	0	6	10	3	0	2	A3, T0, S2	0	0	DLB	No	F	female	79	NA	E3E4	H1H2	CT	CC	8	high amyloid + synuclein	Prep Batch 1	1048	12	Library Batch 2	527	MAYO_0379_1_BR_Nuclei_C1_X3SC3_A16817_22KJLTLT4_TAGCATAGTG_L004	LBD_AS
LBD_AS_F2	NA07-189	A16833	LBD-AS-F2	7	32.94	68	7.93	92.07	162977796	MAYO_0395_1_BR_Nuclei_C1_X3SC3_A16833_22KJLTLT4_TTATTCGAGG_L007	151	11	11	151	Sequencing run was performed on the NovaSeq X Series platform with 25B reagent kit (300 Cycle). NovaSeq Control Software 1.2.2.48004 was used for sequencing and Illumina BCL Convert v4.2.7 to convert base call (BCL) files into FASTQ files.	158	LBD_AS	DLBD/PA/Fahr/OA		DLBD	2	4	50	0	5	15	3	0	3	A3, T0, S3	0	0	PD	No	F	female	88	6	E3E3	H1H2	CT	TC	6.5	high amyloid + synuclein	Prep Batch 4	1333	10	Library Batch 1	533	MAYO_0395_1_BR_Nuclei_C1_X3SC3_A16833_22KJLTLT4_TTATTCGAGG_L007	LBD_AS
LBD_AS_F3	NA18-058	A16843	LBD-AS-F3	4	32.98	68	4.3	95.7	172028796	MAYO_0405_1_BR_Nuclei_C1_X3SC3_A16843_22KJLTLT4_AGTTTCCTGG_L004	151	11	11	151	Sequencing run was performed on the NovaSeq X Series platform with 25B reagent kit (300 Cycle). NovaSeq Control Software 1.2.2.48004 was used for sequencing and Illumina BCL Convert v4.2.7 to convert base call (BCL) files into FASTQ files.	328	LBD_AS	DLBD/PA		DLBD	2	4	50	0	6	8	3	0	2	A3, T0, S2	0	0	MSA-P (RBD)	No	F	female	74	NA	E3E4				1.9	high amyloid + synuclein	Prep Batch 5	1246	12	Library Batch 2	540	MAYO_0405_1_BR_Nuclei_C1_X3SC3_A16843_22KJLTLT4_AGTTTCCTGG_L004	LBD_AS
LBD_AS_M1	NA04-040	A16809	LBD-AS-M1	7	33.14	69	9.31	90.69	157336966	MAYO_0371_1_BR_Nuclei_C1_X3SC3_A16809_22KJLTLT4_CAATCCCGAC_L007	151	11	11	151	Sequencing run was performed on the NovaSeq X Series platform with 25B reagent kit (300 Cycle). NovaSeq Control Software 1.2.2.48004 was used for sequencing and Illumina BCL Convert v4.2.7 to convert base call (BCL) files into FASTQ files.	263	LBD_AS	DLBD/PA		DLBD	2	3	50	0	7	10	3	0	2	A3, T0, S2	0	0	AD/PD	No	M	male	78	NA	E3E4	H1H2	CT	CC	8.4	high amyloid + synuclein	Prep Batch 2	1078	12	Library Batch 2	513	MAYO_0371_1_BR_Nuclei_C1_X3SC3_A16809_22KJLTLT4_CAATCCCGAC_L007	LBD_AS
LBD_AS_M2	NA05-100	A16821	LBD-AS-M2	7	33.06	68.5	8.4	91.6	177503092	MAYO_0383_1_BR_Nuclei_C1_X3SC3_A16821_22KJLTLT4_ATGGCTTGTG_L007	151	11	11	151	Sequencing run was performed on the NovaSeq X Series platform with 25B reagent kit (300 Cycle). NovaSeq Control Software 1.2.2.48004 was used for sequencing and Illumina BCL Convert v4.2.7 to convert base call (BCL) files into FASTQ files.	101	LBD_AS	DLBD/PA		DLBD	2	3	50	0	10	18	3	0	3	A3, T0, S3	0	0	AD/PD	Yes	M	male	78	NA	E3E3	H1H1	CC	TC	6.2	high amyloid + synuclein	Prep Batch 1	1284	12	Library Batch 2	516	MAYO_0383_1_BR_Nuclei_C1_X3SC3_A16821_22KJLTLT4_ATGGCTTGTG_L007	LBD_AS
LBD_AS_M3	NA07-148	A16825	LBD-AS-M3	7	33.12	69	8.43	91.57	155204484	MAYO_0387_1_BR_Nuclei_C1_X3SC3_A16825_22KJLTLT4_ATGACGTCGC_L007	151	11	11	151	Sequencing run was performed on the NovaSeq X Series platform with 25B reagent kit (300 Cycle). NovaSeq Control Software 1.2.2.48004 was used for sequencing and Illumina BCL Convert v4.2.7 to convert base call (BCL) files into FASTQ files.	247	LBD_AS	DLBD/PA		DLBD	2	3	50	0	7	11	3	0	3	A3, T0, S3	0	0	PSP	No	M	male	83	NA	E3E4	H1H1	CT	TC	6.5	high amyloid + synuclein	Prep Batch 3	1228	12	Library Batch 2	521	MAYO_0387_1_BR_Nuclei_C1_X3SC3_A16825_22KJLTLT4_ATGACGTCGC_L007	LBD_AS
LBD_AS_M4	NA08-354	A16837	LBD-AS-M4	7	32.88	68	7.97	92.03	177445942	MAYO_0399_1_BR_Nuclei_C1_X3SC3_A16837_22KJLTLT4_GCAGTATAGG_L007	151	11	11	151	Sequencing run was performed on the NovaSeq X Series platform with 25B reagent kit (300 Cycle). NovaSeq Control Software 1.2.2.48004 was used for sequencing and Illumina BCL Convert v4.2.7 to convert base call (BCL) files into FASTQ files.	296	LBD_AS	DLBD/PA		DLBD	2	5	50	0	5	9	3	0	2	A3, T0, S2	0	0	PD	No	M	male	78	11	E3E3	H1H2	CC	TC	5.8	high amyloid + synuclein	Prep Batch 4	1182	12	Library Batch 2	536	MAYO_0399_1_BR_Nuclei_C1_X3SC3_A16837_22KJLTLT4_GCAGTATAGG_L007	LBD_AS
LBD_ATS_F1	NA11-095	A16816	LBD-ATS-F1	5	33.2	69.5	6.3	93.7	158655958	MAYO_0378_1_BR_Nuclei_C1_X3SC3_A16816_22KJLTLT4_CATGTGGGTT_L005	151	11	11	151	Sequencing run was performed on the NovaSeq X Series platform with 25B reagent kit (300 Cycle). NovaSeq Control Software 1.2.2.48004 was used for sequencing and Illumina BCL Convert v4.2.7 to convert base call (BCL) files into FASTQ files.	32	LBD_ATS	DLBD/AD, early		DLBD	4	3	50	2	22	25	3	1	4	A3, T1, S4	0	0	PDD	No	F	female	66	16	E2E4	H1H2	CC	TT	5.2	amyloid + synuclein + tau	Prep Batch 1	1217	12	Library Batch 2	515	MAYO_0378_1_BR_Nuclei_C1_X3SC3_A16816_22KJLTLT4_CATGTGGGTT_L005	LBD_ATS
LBD_ATS_F2	NA12-009	A16813	LBD-ATS-F2	7	33.25	69.5	8.87	91.13	165462850	MAYO_0375_1_BR_Nuclei_C1_X3SC3_A16813_22KJLTLT4_ATGGAGGGAG_L007	151	11	11	151	Sequencing run was performed on the NovaSeq X Series platform with 25B reagent kit (300 Cycle). NovaSeq Control Software 1.2.2.48004 was used for sequencing and Illumina BCL Convert v4.2.7 to convert base call (BCL) files into FASTQ files.	243	LBD_ATS	DLBD/AD, early/MI in S nigra		DLBD	4	3	50	1	5	12	3	1	3	A3, T1, S3	0	0	DLB	No	F	female	91	NA	E3E3	H1H2	CC	CC	5.1	amyloid + synuclein + tau	Prep Batch 1	910	12	Library Batch 2	506	MAYO_0375_1_BR_Nuclei_C1_X3SC3_A16813_22KJLTLT4_ATGGAGGGAG_L007	LBD_ATS
LBD_ATS_M1	NA09-046	A16824	LBD-ATS-M1	7	33.05	68.5	9.2	90.8	176082378	MAYO_0386_1_BR_Nuclei_C1_X3SC3_A16824_22KJLTLT4_GAGAGGATAT_L007	151	11	11	151	Sequencing run was performed on the NovaSeq X Series platform with 25B reagent kit (300 Cycle). NovaSeq Control Software 1.2.2.48004 was used for sequencing and Illumina BCL Convert v4.2.7 to convert base call (BCL) files into FASTQ files.	242	LBD_ATS	DLBD/PA		DLBD	4	5	50	1	7	12	3	1	3	A3, T1, S3	0	0	DLB	No	M	male	80	4	E3E4	H1H1	CC	TC	6.5	amyloid + synuclein + tau	Prep Batch 3	1212	12	Library Batch 2	532	MAYO_0386_1_BR_Nuclei_C1_X3SC3_A16824_22KJLTLT4_GAGAGGATAT_L007	LBD_ATS
LBD_ATS_M2	NA09-152	A16808	LBD-ATS-M2	7	33.19	69.5	9.11	90.89	187442638	MAYO_0370_1_BR_Nuclei_C1_X3SC3_A16808_22KJLTLT4_TCTACCATTT_L007	151	11	11	151	Sequencing run was performed on the NovaSeq X Series platform with 25B reagent kit (300 Cycle). NovaSeq Control Software 1.2.2.48004 was used for sequencing and Illumina BCL Convert v4.2.7 to convert base call (BCL) files into FASTQ files.	54	LBD_ATS	DLBD/AD, early		DLBD	4	5	50	2	8	22	3	1	4	A3, T1, S4	0	0	AD/PD v DLB	No	M	male	85	4	E3E3	H1H2	CC	TC	7.1	amyloid + synuclein + tau	Prep Batch 2	1131	12	Library Batch 2	516	MAYO_0370_1_BR_Nuclei_C1_X3SC3_A16808_22KJLTLT4_TCTACCATTT_L007	LBD_ATS
LBD_ATS_M3	NA11-072	A16836	LBD-ATS-M3	7	32.95	68	11.53	88.47	156525302	MAYO_0398_1_BR_Nuclei_C1_X3SC3_A16836_22KJLTLT4_TTCTCGATGA_L007	151	11	11	151	Sequencing run was performed on the NovaSeq X Series platform with 25B reagent kit (300 Cycle). NovaSeq Control Software 1.2.2.48004 was used for sequencing and Illumina BCL Convert v4.2.7 to convert base call (BCL) files into FASTQ files.	113	LBD_ATS	DLBD/PA (vs AD, early)		DLBD	4	3	50	1	5	18	3	1	3	A3, T1, S3	0	0	DLB	Yes	M	male	75	2	E3E3	H1H1	CC	TC	4.5	amyloid + synuclein + tau	Prep Batch 4	1122	12	Library Batch 2	536	MAYO_0398_1_BR_Nuclei_C1_X3SC3_A16836_22KJLTLT4_TTCTCGATGA_L007	LBD_ATS
LBD_ATS_M4	NA18-132	A16840	LBD-ATS-M4	7	32.92	68	8.46	91.54	154155210	MAYO_0402_1_BR_Nuclei_C1_X3SC3_A16840_22KJLTLT4_CCCACCACAA_L007	151	11	11	151	Sequencing run was performed on the NovaSeq X Series platform with 25B reagent kit (300 Cycle). NovaSeq Control Software 1.2.2.48004 was used for sequencing and Illumina BCL Convert v4.2.7 to convert base call (BCL) files into FASTQ files.	288	LBD_ATS	DLBD/PA v AD, early (DBS right side)	Typical	DLBD	4	4	50	1	4	10	3	1	2	A3, T1, S2	0	0	PD (s/p DBS)	No	M	male	73	NA	E3E4				6.8	amyloid + synuclein + tau	Prep Batch 5	1233	12	Library Batch 2	529	MAYO_0402_1_BR_Nuclei_C1_X3SC3_A16840_22KJLTLT4_CCCACCACAA_L007	LBD_ATS
